review,rating,date,bank,source
dedeb,5,2025-06-04,Commercial Bank of Ethiopia,Google Play
good,5,2025-06-04,Commercial Bank of Ethiopia,Google Play
Good,5,2025-06-04,Commercial Bank of Ethiopia,Google Play
very niec,5,2025-06-04,Commercial Bank of Ethiopia,Google Play
best app of finance,5,2025-06-04,Commercial Bank of Ethiopia,Google Play
yetemeta,1,2025-06-03,Commercial Bank of Ethiopia,Google Play
Engida Kebede Fetera,5,2025-06-03,Commercial Bank of Ethiopia,Google Play
it is not safety,1,2025-06-03,Commercial Bank of Ethiopia,Google Play
NICE bank,5,2025-06-03,Commercial Bank of Ethiopia,Google Play
it is like a childish app make it better the worst I have ever seen,1,2025-06-02,Commercial Bank of Ethiopia,Google Play
"It's a problem solver application, go ahead CBE, I love so much.",5,2025-06-02,Commercial Bank of Ethiopia,Google Play
It's good but try to make it facilitate for your client,4,2025-06-02,Commercial Bank of Ethiopia,Google Play
best app,5,2025-06-01,Commercial Bank of Ethiopia,Google Play
Awesome bank,5,2025-06-01,Commercial Bank of Ethiopia,Google Play
this app has developed in a very good ways but there are some comments I need to make 1- preventing the screenshot likely not good for someone like me coz I need to make screenshot for quicker evidence. 2-it would be good if you make us to access recent transaction histories for 30 days coz we don't have to go to the Bank's in person to see old transactions or add colander category so user can easily access old transactions through colanders.,5,2025-05-31,Commercial Bank of Ethiopia,Google Play
Masha alla,5,2025-05-31,Commercial Bank of Ethiopia,Google Play
"Recently there is big problem when sending to safaricom, telebir, and even to cbebirr wallet could anybody who is responsible fix it, it's very frustrating it's been 5 days and my money hasn't been returned it takes it out of my account but doesn't send it to my mpesa update- they have just corrected it and sent me back the money but still I'm afraid now to send again",2,2025-05-31,Commercial Bank of Ethiopia,Google Play
better service,5,2025-05-31,Commercial Bank of Ethiopia,Google Play
"it,s good app and time manager 👍",5,2025-05-30,Commercial Bank of Ethiopia,Google Play
malkaamuu Jiidhaa Namoo,5,2025-05-30,Commercial Bank of Ethiopia,Google Play
lower system everything,3,2025-05-30,Commercial Bank of Ethiopia,Google Play
Nice!,5,2025-05-30,Commercial Bank of Ethiopia,Google Play
Keep it up My CBE,5,2025-05-29,Commercial Bank of Ethiopia,Google Play
yes good,5,2025-05-28,Commercial Bank of Ethiopia,Google Play
"I was using this app for the last two years with no problems. It stopped working about 3 months ago. when I tried to transfer funds it gives me error ""can't do this transaction. inactive account.""",4,2025-05-27,Commercial Bank of Ethiopia,Google Play
i like everything of this app,5,2025-05-27,Commercial Bank of Ethiopia,Google Play
🤬🤬🤬🤬 network 🛜,1,2025-05-26,Commercial Bank of Ethiopia,Google Play
Best,5,2025-05-26,Commercial Bank of Ethiopia,Google Play
CBE is the best financial application and and very dimple to use. I would like to say thank you so much for the developer of application. I really appreciate this app.,5,2025-05-26,Commercial Bank of Ethiopia,Google Play
nice,5,2025-05-26,Commercial Bank of Ethiopia,Google Play
good job,5,2025-05-26,Commercial Bank of Ethiopia,Google Play
it's awesome!!,5,2025-05-25,Commercial Bank of Ethiopia,Google Play
best,5,2025-05-25,Commercial Bank of Ethiopia,Google Play
thankyou every one,5,2025-05-25,Commercial Bank of Ethiopia,Google Play
Ronaldo 🇵🇹 🥇,5,2025-05-25,Commercial Bank of Ethiopia,Google Play
"this app is absolutely fantastic I love it and I enjoying to it ,let us support this foundation together .",5,2025-05-25,Commercial Bank of Ethiopia,Google Play
"The CBE app has been highly unreliable in recent weeks. It frequently fails to work properly on both Ethio Telecom and Safaricom networks, whether using Wi-Fi or mobile data. This week, the system was down entirely for extended periods, making it very difficult to access banking services. The app only functions intermittently, and the lack of consistency is frustrating. I hope the issues are addressed soon, and that any non-technical influences are removed from such essential services.",2,2025-05-25,Commercial Bank of Ethiopia,Google Play
mortuary app,5,2025-05-25,Commercial Bank of Ethiopia,Google Play
it is smart app but it has stoped after some period of time on my device with out any reason .,5,2025-05-25,Commercial Bank of Ethiopia,Google Play
amazing app I am used this app for one year,4,2025-05-24,Commercial Bank of Ethiopia,Google Play
good app,5,2025-05-24,Commercial Bank of Ethiopia,Google Play
i love it 😍😘,5,2025-05-24,Commercial Bank of Ethiopia,Google Play
It makes life easy!👌,5,2025-05-24,Commercial Bank of Ethiopia,Google Play
its not fast,1,2025-05-24,Commercial Bank of Ethiopia,Google Play
wow,4,2025-05-24,Commercial Bank of Ethiopia,Google Play
it is sooo good,5,2025-05-24,Commercial Bank of Ethiopia,Google Play
excellent,5,2025-05-24,Commercial Bank of Ethiopia,Google Play
ok,1,2025-05-24,Commercial Bank of Ethiopia,Google Play
Fantastic,5,2025-05-23,Commercial Bank of Ethiopia,Google Play
accessible to using,5,2025-05-23,Commercial Bank of Ethiopia,Google Play
I like it,4,2025-05-23,Commercial Bank of Ethiopia,Google Play
why you change default network?,5,2025-05-23,Commercial Bank of Ethiopia,Google Play
very nice 👍,5,2025-05-23,Commercial Bank of Ethiopia,Google Play
nice fast app,5,2025-05-23,Commercial Bank of Ethiopia,Google Play
how to I get my money,5,2025-05-23,Commercial Bank of Ethiopia,Google Play
"Very bad, can't even load they need to improve their services.",1,2025-05-22,Commercial Bank of Ethiopia,Google Play
"Very good app, but please make it reliable . it crashes sometimes .",4,2025-05-22,Commercial Bank of Ethiopia,Google Play
very busy I don't know why... I prefer 889,3,2025-05-22,Commercial Bank of Ethiopia,Google Play
"Sometimes it has a nasty lag for several hour fix that , the rest is 👌",4,2025-05-22,Commercial Bank of Ethiopia,Google Play
the most boring Mobil banking application in ethiopia.Please use alternative private banks mobile banking apps,1,2025-05-22,Commercial Bank of Ethiopia,Google Play
hojii bonsaadha,5,2025-05-22,Commercial Bank of Ethiopia,Google Play
user-friendly apps.because this app is easy.,5,2025-05-22,Commercial Bank of Ethiopia,Google Play
Awosome!!!,5,2025-05-22,Commercial Bank of Ethiopia,Google Play
"Very good app,",5,2025-05-22,Commercial Bank of Ethiopia,Google Play
sync problem may 22 2025 but the date stack on may 8 2025 help pls,5,2025-05-22,Commercial Bank of Ethiopia,Google Play
ይህ መተግበሪያ በጣም ጥሩ ነው. this app is very nice,5,2025-05-22,Commercial Bank of Ethiopia,Google Play
I hate this app 😒,1,2025-05-22,Commercial Bank of Ethiopia,Google Play
trustful,5,2025-05-22,Commercial Bank of Ethiopia,Google Play
I like,5,2025-05-22,Commercial Bank of Ethiopia,Google Play
update issue,4,2025-05-22,Commercial Bank of Ethiopia,Google Play
its not working over safari network,1,2025-05-22,Commercial Bank of Ethiopia,Google Play
oldie,1,2025-05-22,Commercial Bank of Ethiopia,Google Play
it doesn't work,1,2025-05-21,Commercial Bank of Ethiopia,Google Play
"This app is good, and we are using it well",1,2025-05-21,Commercial Bank of Ethiopia,Google Play
very nice 👌 app for android phone,5,2025-05-21,Commercial Bank of Ethiopia,Google Play
Yes Yes,5,2025-05-21,Commercial Bank of Ethiopia,Google Play
በጣም ከርፋፋ,1,2025-05-21,Commercial Bank of Ethiopia,Google Play
easy to use helpful in my life,5,2025-05-21,Commercial Bank of Ethiopia,Google Play
good 👍,4,2025-05-21,Commercial Bank of Ethiopia,Google Play
the best mobile banking app,5,2025-05-21,Commercial Bank of Ethiopia,Google Play
"this app is very useful app,it saves time,and it is secure",4,2025-05-21,Commercial Bank of Ethiopia,Google Play
it's a good application 👍,5,2025-05-21,Commercial Bank of Ethiopia,Google Play
the screenshot and the reffresh options are so annoying that makes transaction so delaying activity !,2,2025-05-21,Commercial Bank of Ethiopia,Google Play
poor service,1,2025-05-21,Commercial Bank of Ethiopia,Google Play
amazing,5,2025-05-20,Commercial Bank of Ethiopia,Google Play
it is reliable and easy to use.,5,2025-05-20,Commercial Bank of Ethiopia,Google Play
the most annoying mobile banking app I've ever seen,1,2025-05-20,Commercial Bank of Ethiopia,Google Play
Eliasmels,5,2025-05-20,Commercial Bank of Ethiopia,Google Play
Cbe mobile banking,5,2025-05-20,Commercial Bank of Ethiopia,Google Play
"i can't make Screenshout in this app, please made modification",5,2025-05-20,Commercial Bank of Ethiopia,Google Play
Best app I loved it,5,2025-05-19,Commercial Bank of Ethiopia,Google Play
nice app,5,2025-05-19,Commercial Bank of Ethiopia,Google Play
Amazing applicatiom sometimes doesnt work!,5,2025-05-18,Commercial Bank of Ethiopia,Google Play
well satisfied with this beautiful app,5,2025-05-18,Commercial Bank of Ethiopia,Google Play
very good,4,2025-05-17,Commercial Bank of Ethiopia,Google Play
best app.,5,2025-05-17,Commercial Bank of Ethiopia,Google Play
"not working,why???",5,2025-05-17,Commercial Bank of Ethiopia,Google Play
Great impact but why Developer option turnoff if you fix 🙏 🙏 🙏,5,2025-05-17,Commercial Bank of Ethiopia,Google Play
always disappointing ! especially the iOS one !! some similar local applications are extremely superior to this application!! Really disappointing!,1,2025-05-17,Commercial Bank of Ethiopia,Google Play
woxe harimo ribiso,5,2025-05-17,Commercial Bank of Ethiopia,Google Play
"Good ,easy to use",5,2025-05-16,Commercial Bank of Ethiopia,Google Play
Good app,5,2025-05-15,Commercial Bank of Ethiopia,Google Play
Good job👍,5,2025-05-14,Commercial Bank of Ethiopia,Google Play
"Please kindly ask to update the app and allow us to screenshot, it's convenient and efficient as long as you add security to the access there is no reason to block us from screenshooting our screen.",2,2025-05-14,Commercial Bank of Ethiopia,Google Play
I have using the CBE mobile banking app. and overall i appreciate its Feuteres However i.ve Notticed that when i turn on the Developer options on my divice the App.Stop Functioning prorerly It.Would Be Great If You could look into This issue as l often need to access Developer setting for Otter Application ThankYou For Your attention to This Matter,4,2025-05-13,Commercial Bank of Ethiopia,Google Play
customer service is bad nothing is good about this bank,1,2025-05-13,Commercial Bank of Ethiopia,Google Play
It is Amazing Mobile Banking App....But why the screenshot of the receipt doesnt work,5,2025-05-13,Commercial Bank of Ethiopia,Google Play
fast and simple easy to use 👌,5,2025-05-12,Commercial Bank of Ethiopia,Google Play
The fastest transferring app I ever had its so reliable,5,2025-05-11,Commercial Bank of Ethiopia,Google Play
"Funds transferred from the same bank do not reflect in the account, even though a confirmation text message was received.",3,2025-05-11,Commercial Bank of Ethiopia,Google Play
it's easy and fast,5,2025-05-10,Commercial Bank of Ethiopia,Google Play
This app don't have self activation only you have to look near cbe branch that's disgusting,1,2025-05-10,Commercial Bank of Ethiopia,Google Play
hello dearest CBE office personnel make some benefits for those using interest free accounts thanks for your help,5,2025-05-09,Commercial Bank of Ethiopia,Google Play
wow best application ever,5,2025-05-09,Commercial Bank of Ethiopia,Google Play
"Am sorry but what does developer mode do to the application ? hack it ? are you sure you are developer or are you stupid, doesnt makes sense,",1,2025-05-08,Commercial Bank of Ethiopia,Google Play
the pride of Ethiopian bank 🏦,5,2025-05-08,Commercial Bank of Ethiopia,Google Play
why the app telling me to turn of developer options please fix it.,1,2025-05-07,Commercial Bank of Ethiopia,Google Play
i am very happy . i have small prob. after i transfer i cant put the transfer cashe bil to my dic.,5,2025-05-07,Commercial Bank of Ethiopia,Google Play
amazing apps,5,2025-05-06,Commercial Bank of Ethiopia,Google Play
All service of Mobile Banking,5,2025-05-06,Commercial Bank of Ethiopia,Google Play
needs improvement,1,2025-05-06,Commercial Bank of Ethiopia,Google Play
i miss the old one i couldn't send my mony to other bank..,1,2025-05-06,Commercial Bank of Ethiopia,Google Play
the app is recently crushing each time you open and try to make transfers...it used to be good. take lessons from the Dashen Super app or ethiotelecom. it is not befitting of your experience and glory. inv3st in making it more friendly and convenient. I am considering leaving CBE for good.,2,2025-05-06,Commercial Bank of Ethiopia,Google Play
good but these week not oky,4,2025-05-06,Commercial Bank of Ethiopia,Google Play
well designed! Fixing bugs & two step verification with biometric... simply it's great!,5,2025-05-06,Commercial Bank of Ethiopia,Google Play
If any developer is reading this please fix the screenshot functionality or at least the download button should work flawlessly without me touching it twenty times.,1,2025-05-05,Commercial Bank of Ethiopia,Google Play
"it's a great job.but one more thing, it hasn't been placed for transfer to other banks on face like mobile charge card place",5,2025-05-05,Commercial Bank of Ethiopia,Google Play
CBE mobilr bankg,5,2025-05-05,Commercial Bank of Ethiopia,Google Play
verygood,3,2025-05-05,Commercial Bank of Ethiopia,Google Play
ممتاز جدا,5,2025-05-04,Commercial Bank of Ethiopia,Google Play
it's very low quality application,1,2025-05-04,Commercial Bank of Ethiopia,Google Play
Very Amazing Apps,5,2025-05-04,Commercial Bank of Ethiopia,Google Play
አዛ,1,2025-05-04,Commercial Bank of Ethiopia,Google Play
wow simple life,5,2025-05-04,Commercial Bank of Ethiopia,Google Play
it's nice,5,2025-05-03,Commercial Bank of Ethiopia,Google Play
Why stacked sometimes,5,2025-05-03,Commercial Bank of Ethiopia,Google Play
okay 👍 but sometimes busy,1,2025-05-03,Commercial Bank of Ethiopia,Google Play
the worst commercial company that fails to do even the most normal things again and and again.,1,2025-05-03,Commercial Bank of Ethiopia,Google Play
Very good app. but disappointed by general cessation of system.,5,2025-05-02,Commercial Bank of Ethiopia,Google Play
Good and fast,5,2025-05-02,Commercial Bank of Ethiopia,Google Play
Unreliable!,1,2025-05-02,Commercial Bank of Ethiopia,Google Play
Best the best fast,5,2025-05-02,Commercial Bank of Ethiopia,Google Play
happy,5,2025-05-02,Commercial Bank of Ethiopia,Google Play
fast and reliable,5,2025-05-02,Commercial Bank of Ethiopia,Google Play
network errorrrrrr,2,2025-05-02,Commercial Bank of Ethiopia,Google Play
Best app but there is some problem I can't send money to telebirr or mpesa so if you can add that it could be use full,4,2025-05-02,Commercial Bank of Ethiopia,Google Play
its good and simple to use,5,2025-05-02,Commercial Bank of Ethiopia,Google Play
worest app like that bank for security and network access,1,2025-05-02,Commercial Bank of Ethiopia,Google Play
it's the best app i,5,2025-05-02,Commercial Bank of Ethiopia,Google Play
not bad not good,1,2025-05-02,Commercial Bank of Ethiopia,Google Play
its very nice,5,2025-05-02,Commercial Bank of Ethiopia,Google Play
do not work this week,3,2025-04-30,Commercial Bank of Ethiopia,Google Play
It crashes frequently,4,2025-04-30,Commercial Bank of Ethiopia,Google Play
the best,5,2025-04-28,Commercial Bank of Ethiopia,Google Play
"I can simply describe this app as ""Making all your work easier"".",5,2025-04-28,Commercial Bank of Ethiopia,Google Play
goid,5,2025-04-28,Commercial Bank of Ethiopia,Google Play
best appearance,5,2025-04-27,Commercial Bank of Ethiopia,Google Play
it's very good 👍 app,5,2025-04-27,Commercial Bank of Ethiopia,Google Play
abinet kutafo,1,2025-04-27,Commercial Bank of Ethiopia,Google Play
I need support you,5,2025-04-27,Commercial Bank of Ethiopia,Google Play
"Hello, I’m facing a problem with the BOA Mobile app. Every time I enter my phone number and password, the app crashes and shows an error that says “BoaMobile closed because this app has a bug.” I tried updating, reinstalling, and clearing cache, but nothing worked. Please fix this bug in the next update. I really need access to my account. Thank you.",1,2025-06-03,Bank of Abyssinia,Google Play
exceptional,5,2025-06-03,Bank of Abyssinia,Google Play
BoA Mobile good bank,5,2025-06-02,Bank of Abyssinia,Google Play
this is worest app 24/7 loading,1,2025-06-01,Bank of Abyssinia,Google Play
This App is not interest for Android phone Please update it .,1,2025-06-01,Bank of Abyssinia,Google Play
BoA system is confartable,5,2025-06-01,Bank of Abyssinia,Google Play
very nice Abyssinia bank is choice all,5,2025-05-31,Bank of Abyssinia,Google Play
"this app, for me , is a waste of time. It doesn't work . I can't even long in, and it really piss me off. FIX THE PROBLEM",1,2025-05-27,Bank of Abyssinia,Google Play
Good service.,3,2025-05-25,Bank of Abyssinia,Google Play
the app crush frequently,1,2025-05-24,Bank of Abyssinia,Google Play
You guys keeps getting worst,1,2025-05-22,Bank of Abyssinia,Google Play
"This app is a joke. It crashes more than it works, takes forever to load, and half the features are just decorative at this point. Can’t log in, can’t transfer money, can’t even check my balance without it bugging out. To the developer: Are you actually trying to make this work, or is this some kind of social experiment to test our patience? Did you build this in your sleep? Because it definitely looks like it. If this is your idea of a functional app, maybe consider a different career path🙏",1,2025-05-21,Bank of Abyssinia,Google Play
BoA,2,2025-05-20,Bank of Abyssinia,Google Play
but not opening on android,4,2025-05-19,Bank of Abyssinia,Google Play
Worst App ever. Totally unreliable. And it didn't work at all for the last 4 months.,1,2025-05-18,Bank of Abyssinia,Google Play
excellent app,4,2025-05-16,Bank of Abyssinia,Google Play
ሞላዬ ከበደ,5,2025-05-14,Bank of Abyssinia,Google Play
"this app does no work on Samsung a51, it just gives a preview of the logo",1,2025-05-11,Bank of Abyssinia,Google Play
"i entered incorrect security question by mistake boa app lock pin forever, why is there no other options? ?? i contacted different branchs more then 4times but they didn't able to solve this issue .",5,2025-05-10,Bank of Abyssinia,Google Play
Best app,5,2025-05-09,Bank of Abyssinia,Google Play
liking this application good 👍,5,2025-05-07,Bank of Abyssinia,Google Play
"This app future is good, but there is problems with apps to reset and activate it, which is difficult even to the branch staffs, and it takes too long times to active at the branch plus most of the time high expected failure of activation after process at the counter and OTP sent not work",1,2025-05-06,Bank of Abyssinia,Google Play
it's really good 👍,5,2025-04-23,Bank of Abyssinia,Google Play
Bad app . it stuck when you open and noting WORKS.,1,2025-04-23,Bank of Abyssinia,Google Play
"the app isn't working after it asked me the password it starts loading, but it doesn't open",3,2025-04-20,Bank of Abyssinia,Google Play
It keeps showing this pop up to turn off developer options even tho it's off! I had to turn on and then off to make it work! This is a horrible experience and needs a fix asap! Plus kinda slow.,1,2025-04-19,Bank of Abyssinia,Google Play
yideg,1,2025-04-18,Bank of Abyssinia,Google Play
አይከፍትም እኮ,1,2025-04-17,Bank of Abyssinia,Google Play
great boa,5,2025-04-10,Bank of Abyssinia,Google Play
boa of mobile backing,5,2025-04-09,Bank of Abyssinia,Google Play
faster bank of Abissinya,5,2025-04-08,Bank of Abyssinia,Google Play
i would have given it a lower if it was possible because it crush so much and it take the bank so long to fix the bug,1,2025-04-08,Bank of Abyssinia,Google Play
it just doesn't work...so frustrating,1,2025-04-07,Bank of Abyssinia,Google Play
like,5,2025-04-06,Bank of Abyssinia,Google Play
it's not work correctly... you must have update it,1,2025-04-06,Bank of Abyssinia,Google Play
"the app gets a considerable improvements like language , QR scanner and unlimited transfers survice. but BOA Please do alot on its fastness and convenient when we login and making a transactions.",5,2025-04-04,Bank of Abyssinia,Google Play
after i typed in my password it says successfully logged out ...and goes back to the first page,2,2025-04-04,Bank of Abyssinia,Google Play
good but they don't update enough don't add new things,3,2025-04-04,Bank of Abyssinia,Google Play
thank you,5,2025-04-02,Bank of Abyssinia,Google Play
it doesn't work period z slowest mobile banking ever i would rather use *815#,1,2025-04-01,Bank of Abyssinia,Google Play
"after activated the application it not allowed to sign , automatically it is turn off In my phone, why ?",1,2025-03-31,Bank of Abyssinia,Google Play
good application,5,2025-03-30,Bank of Abyssinia,Google Play
this version is not working for me I cannot even buy card. I cannot send money,1,2025-03-30,Bank of Abyssinia,Google Play
"It can't actively on initialization, it says incorrect OTP getting the exact OTP",1,2025-03-29,Bank of Abyssinia,Google Play
always problematic hardly works,1,2025-03-26,Bank of Abyssinia,Google Play
considering the fact the bank is huge this app really bad you could do better,1,2025-03-25,Bank of Abyssinia,Google Play
"worst app and Bank ever u be ashamed, scammer",1,2025-03-24,Bank of Abyssinia,Google Play
great BoA,5,2025-03-22,Bank of Abyssinia,Google Play
i have went to the bank so many times because i couldn't make any transaction i can only see my balance nothing else so what is the point of having mobile banking if i can't make any transaction with it please work in that,1,2025-03-21,Bank of Abyssinia,Google Play
there is no speed,1,2025-03-19,Bank of Abyssinia,Google Play
"For anyone who wants to download it, just don't!!!",1,2025-03-19,Bank of Abyssinia,Google Play
wonderful,5,2025-03-19,Bank of Abyssinia,Google Play
all worck,5,2025-03-19,Bank of Abyssinia,Google Play
Loved it,5,2025-03-14,Bank of Abyssinia,Google Play
Wow,1,2025-03-14,Bank of Abyssinia,Google Play
"Edit: New bug, app not letting me type in my otp codes. Shameful Why does this app not allow me to use it while having developer options on? Did y'all consider that I might, perhaps, be an actual developer? Why am I expected to toggle the option on and off just to bank (restarting my phone when I do)? Why is the message labled as somthing that will ""smoothen"" the experience? This is like the most ""security consultant"" thing to implement in an app. Please invest in actual security, not this mess.",1,2025-03-12,Bank of Abyssinia,Google Play
Improved to be the best,5,2025-03-11,Bank of Abyssinia,Google Play
"Decent, but there problems sometimes it says error When i transfer money but infact it transferred because of this bug i transferred 2 times instead of 1 and also we can't transfer money to others telebirr acc we only can to our self BOE Dev fix this !!!",3,2025-03-11,Bank of Abyssinia,Google Play
BoA Greqt Ethiopian bank.,5,2025-03-11,Bank of Abyssinia,Google Play
"The bug is still there,the app crashes every time i try to log in, especially in old phones like my Galaxy A32",1,2025-03-10,Bank of Abyssinia,Google Play
Almost better compared to cbe where it is not qualified for,4,2025-03-09,Bank of Abyssinia,Google Play
what awesome apps. it is very simple to use and more much important apps.,5,2025-03-09,Bank of Abyssinia,Google Play
Wonderfull app,5,2025-03-08,Bank of Abyssinia,Google Play
i can't use this app why?,5,2025-03-07,Bank of Abyssinia,Google Play
Worst mobile banking app I ever experienced I was blaming other apps but comparing with this they're too much better!!!! It clashes it takes much longer time to login while loading in short it's a complete of trash,1,2025-03-06,Bank of Abyssinia,Google Play
bro the worst app made by human kind!! as a software engineer it make me so sad seeing enterprise as big as BOA make apps like this. it is a disgrace for our country!!,1,2025-03-05,Bank of Abyssinia,Google Play
AGA B Girja Miss language of admin Afaan oromo & other Itoophiyaa languages,1,2025-03-04,Bank of Abyssinia,Google Play
"I downloaded the app for the first time while reading other customers reviews and as soon as i installed and opened the app it closes back automatically, what unserious bank, now i uninstalled the app immediately",1,2025-03-03,Bank of Abyssinia,Google Play
It has good features but sometimes it doesn't work...0,1,2025-03-02,Bank of Abyssinia,Google Play
Very poor proformance,1,2025-03-01,Bank of Abyssinia,Google Play
It's not opening. Really frustrating,1,2025-03-01,Bank of Abyssinia,Google Play
Verry Amazing App from all IB,5,2025-03-01,Bank of Abyssinia,Google Play
Not working on this days,1,2025-02-26,Bank of Abyssinia,Google Play
Thank you BoA,5,2025-02-23,Bank of Abyssinia,Google Play
best banking app in the wworld,5,2025-02-22,Bank of Abyssinia,Google Play
Nice app and it's easy to use,5,2025-02-21,Bank of Abyssinia,Google Play
"please add language in the apps setting(amharic afan oromo, tigniya,and others) sometimes bank to bank transfer is not available through time and even if if it is available not reachable…it is serious issue!",1,2025-02-15,Bank of Abyssinia,Google Play
This is help full i like ittttt,5,2025-02-14,Bank of Abyssinia,Google Play
The is not functional at all?,2,2025-02-12,Bank of Abyssinia,Google Play
Best bank,5,2025-02-08,Bank of Abyssinia,Google Play
Make it easy and convienient to use and perfect for all to high prefrence and choice.,3,2025-02-07,Bank of Abyssinia,Google Play
I have been using this app for two years.It is amazing.,5,2025-02-01,Bank of Abyssinia,Google Play
Good 👍,5,2025-01-31,Bank of Abyssinia,Google Play
Sad experience,1,2025-01-30,Bank of Abyssinia,Google Play
Always do update and that is annoying,3,2025-01-27,Bank of Abyssinia,Google Play
"Best app, somehow waiting a few minutes",5,2025-01-23,Bank of Abyssinia,Google Play
I can't dijitalize my atm in the apollo app on my phone,1,2025-01-22,Bank of Abyssinia,Google Play
Whenever I try to sign in app close please fixed it out,2,2025-01-21,Bank of Abyssinia,Google Play
Beter,5,2025-01-21,Bank of Abyssinia,Google Play
Boa,4,2025-01-18,Bank of Abyssinia,Google Play
በጣም የሚያስጠላ አፕ በጣም የወረደ ዜሮ ነው የምሰጠው ዘሮ It's not App it's very slow ehhhh. Why don't you upgrade the app???? It's always zero,1,2025-01-18,Bank of Abyssinia,Google Play
Aadan Axmed Barkhadle,5,2025-01-17,Bank of Abyssinia,Google Play
Horrible customer service and app crashes Horrible!!,1,2025-01-15,Bank of Abyssinia,Google Play
I love it,5,2025-01-14,Bank of Abyssinia,Google Play
It keeps asking me to turn off developer mode even when dev mode is off. Couldn't use it.,1,2025-01-13,Bank of Abyssinia,Google Play
Good🙏,5,2025-01-12,Bank of Abyssinia,Google Play
Like to much,5,2025-01-11,Bank of Abyssinia,Google Play
Thank you,5,2025-01-10,Bank of Abyssinia,Google Play
Perfect,5,2025-01-09,Bank of Abyssinia,Google Play
The best of best,5,2025-01-09,Bank of Abyssinia,Google Play
I was using this app for long time it amazing user friendly UI but the i can't found for get pin button in the app,3,2025-01-07,Bank of Abyssinia,Google Play
Great 👍,5,2025-01-04,Bank of Abyssinia,Google Play
Fast and suitable for the customers.,5,2025-01-04,Bank of Abyssinia,Google Play
Good app and helpful,5,2025-01-03,Bank of Abyssinia,Google Play
"I will give only one star, because it faced with multiple of problems. 1. The app is not as fast as the other banks App, for e.g like CBE 2. The App asks repeatedly to switch off developer options, even if it is switched off. 3. Bank of Abyssinia's services are interesting, but they ignored the issues on the App service. 4. Most customers gave a complain on the App, but no one accept their complain to fix the issue. 5. Lastly, I will not recommend the App unless the issue has been solved ASAP!!",1,2025-01-03,Bank of Abyssinia,Google Play
By assessing this you can tell Abyssinia bank has no idea what mobile banking is ?,1,2025-01-02,Bank of Abyssinia,Google Play
It doesn't work at all.,2,2025-01-02,Bank of Abyssinia,Google Play
this app is not available,1,2025-01-02,Bank of Abyssinia,Google Play
Wow what amazing,5,2024-12-30,Bank of Abyssinia,Google Play
love it,5,2024-12-30,Bank of Abyssinia,Google Play
በጣም መሻሻል አለበት....... ለ ባንኩ ማይመጥን መተግበርያ ነው ::,2,2024-12-30,Bank of Abyssinia,Google Play
Lemn embi yilal??,5,2024-12-30,Bank of Abyssinia,Google Play
It's useless app downgraded.,1,2024-12-29,Bank of Abyssinia,Google Play
Why is not letting me access my account. The whole point of this app is for me to gey access to my account without physically being at the bank. I would give it a zero but a one will suffice to get my point accross.,1,2024-12-27,Bank of Abyssinia,Google Play
Nice,5,2024-12-26,Bank of Abyssinia,Google Play
When are you going to get rid of this and have a real app that works? By far the worst mobile banking app.,1,2024-12-24,Bank of Abyssinia,Google Play
አይሰራም ሼም ነው፤,1,2024-12-23,Bank of Abyssinia,Google Play
Not that much bad,3,2024-12-22,Bank of Abyssinia,Google Play
Fine,5,2024-12-21,Bank of Abyssinia,Google Play
The dirtiest application ever seen...,1,2024-12-20,Bank of Abyssinia,Google Play
Nic ap,5,2024-12-19,Bank of Abyssinia,Google Play
The forest app ever,1,2024-12-19,Bank of Abyssinia,Google Play
"I love BoA more than anyone but they are cursed when it comed to mobile banking. Even though this ine is hetter it still s*cks! It will ask me to turn off developer options other wise it won't work! I use CBE, Awash birr, tekebirr, Dashen bank and others but non of them asked me this, why only BoA? Please improve your mobile banking, be competitive!",1,2024-12-19,Bank of Abyssinia,Google Play
Bank of abissena,1,2024-12-17,Bank of Abyssinia,Google Play
"Easy and sooo simple to use it, also its easy to stole someones money using the app",3,2024-12-16,Bank of Abyssinia,Google Play
GOOD,5,2024-12-15,Bank of Abyssinia,Google Play
The worst banking app ever. Never works!,1,2024-12-14,Bank of Abyssinia,Google Play
Poorly functioning app,3,2024-12-13,Bank of Abyssinia,Google Play
Very nice,5,2024-12-13,Bank of Abyssinia,Google Play
Your system is the worst you should do better😡😡😡😡😡😡,2,2024-12-11,Bank of Abyssinia,Google Play
It has been a while since you guys started giving the mobile app service but still couldn't get it to work. I'm sure you know that it doesn't work already but not sure if you're lazy or incompetent to fix it. You are losing business because of this. Complacency will have consequences.,1,2024-12-10,Bank of Abyssinia,Google Play
"This is the best app; many features are awesome, but it should work without the need to turn off the developer options. I'm tired of having to constantly switch the developer options off and on. I've been expressing my struggles about this. I have precious settings enabled in the developer options, and to open the App Boa app, I have to turn them off. Please help us, Abyssinia Bank. I hope you can provide an update soon.",4,2024-12-08,Bank of Abyssinia,Google Play
"I’m giving this app one star because there are no options below that. My experience has been incredibly frustrating due to the extremely long loading times, and the app even closes automatically at times. People choose mobile banking for its convenience, but this app is far too time-consuming, making it the worst I’ve used. I hope improvements are made to enhance the user experience.",1,2024-12-07,Bank of Abyssinia,Google Play
Very unprofessional and mischievous bank in my opinion. I have had several occasions but recently I used Abyssinia Card to withdraw money and it was deducted from my account but despite reporting several times they said they are processing it but I learned yesterday that since it has been 3 months the bank has decided to include it in their income. How absurd. If you can avoid this bank.,1,2024-12-06,Bank of Abyssinia,Google Play
It doesn't work on my 2 devices A05 and A34 😡,1,2024-12-02,Bank of Abyssinia,Google Play
It's better to say I don't use boa rather than pulling your phone out and opening this app,1,2024-12-01,Bank of Abyssinia,Google Play
My attention is very important because it will be the most difficult time for me,5,2024-11-30,Bank of Abyssinia,Google Play
"I have a worst experience while using this mobile application through out the year. Most of the time it fails to ""Login"" or automatically closed the app. And also it takes so much loading time (5 minutes +) trying to access the internal services. Sometimes also while transferring within and to other bank also fails. So, BOA please fix your app.",1,2024-11-29,Bank of Abyssinia,Google Play
I don't know why but your apps start out great then all of a sudden don't work🤷‍♀️,1,2024-11-28,Bank of Abyssinia,Google Play
This application is losing major factions on a daily basis. I can count how many times I have used this app; it is completely useless and disappointing if I am not going to use it in times of need then I don't see the point.,1,2024-11-28,Bank of Abyssinia,Google Play
exellent digital transaction of money,5,2024-11-27,Bank of Abyssinia,Google Play
The latest update has stopped android 9 phones not to open this App. Never work properly since i started using it.,1,2024-11-26,Bank of Abyssinia,Google Play
Great,5,2024-11-25,Bank of Abyssinia,Google Play
Money,5,2024-11-24,Bank of Abyssinia,Google Play
It needs more improvment,2,2024-11-24,Bank of Abyssinia,Google Play
Hey Google,5,2024-11-21,Bank of Abyssinia,Google Play
ab,3,2024-11-20,Bank of Abyssinia,Google Play
Ademtahir,5,2024-11-20,Bank of Abyssinia,Google Play
Please this app on my android phone,3,2024-11-20,Bank of Abyssinia,Google Play
GOAT 🐐 🐐,5,2024-11-19,Bank of Abyssinia,Google Play
"Your app doesn't match your bank, the app is disaster, super slow. Please learn something from tele birr app.",1,2024-11-19,Bank of Abyssinia,Google Play
Fast and reliable,5,2024-11-18,Bank of Abyssinia,Google Play
"The worst app update ever. Why would you include the ""developer option off"" thing here? Why do you care? It is my phone my money, right? That is the reason why I switched to other banks. So either turn it off or everyone will discontinue their business one by one.",1,2024-11-17,Bank of Abyssinia,Google Play
Very good,5,2024-11-14,Bank of Abyssinia,Google Play
One of the poorest mobile banking system,1,2024-11-13,Bank of Abyssinia,Google Play
Oene,5,2024-11-12,Bank of Abyssinia,Google Play
i find it interesting specially in reciept downloading,1,2024-11-12,Bank of Abyssinia,Google Play
it good,5,2024-11-12,Bank of Abyssinia,Google Play
"This app crashes everytime, please fix it",1,2024-11-12,Bank of Abyssinia,Google Play
አንድ star ራሱ ይበዛበታል። i dont recomend to use this app also the bank,1,2024-11-12,Bank of Abyssinia,Google Play
I need a support the app is not working,5,2024-11-12,Bank of Abyssinia,Google Play
nice application,4,2025-05-27,Dashen Bank,Google Play
bast smart bank sistem dashen amole dashen bamk,5,2025-05-17,Dashen Bank,Google Play
ለአጠቃቀም እጅግ ቀላልና ድህንነቱ የተጠበቀ ነው።,5,2025-05-16,Dashen Bank,Google Play
"Worst app possible, I don't think it gets worse than this. Least user friendly process to exchange your own money, far too many hurdles you have to get past to make a simple money transfer. Even after getting past all the hurdles you are restricted with a min and I believe a max amount of your own money you have access to, not to mention time restrictions; I wasn't able to access my money past midnight multiple times. You can't change tab to another app, having opened this without it crashing.",1,2025-05-15,Dashen Bank,Google Play
I'm a Dashen Bank customer as I know its function and duty. Thanks.,5,2025-05-15,Dashen Bank,Google Play
i love it,4,2025-05-15,Dashen Bank,Google Play
Amole is the digital mobile application what i prefer.,5,2025-05-15,Dashen Bank,Google Play
best mobile banking app👍,5,2025-05-10,Dashen Bank,Google Play
Complicated and fake app,1,2025-04-29,Dashen Bank,Google Play
Its Good updation from Previous,3,2025-04-25,Dashen Bank,Google Play
yarid dima,5,2025-04-17,Dashen Bank,Google Play
"Requires updates too frequently, often has server related issues, the fingerprint always requires updating, it's the most unreliable app I've used and always fails when you want to make urgent payments.",2,2025-04-10,Dashen Bank,Google Play
dashin,3,2025-04-08,Dashen Bank,Google Play
disappointed because of option to transfer cash on telebirr is limited for self only.... those and other similar given choices by the bank used us to choose this bank over others! no doubt I will be not preferring this bank with no unique incentives.,1,2025-03-29,Dashen Bank,Google Play
everything is perfect,5,2025-03-29,Dashen Bank,Google Play
Dashin Bank#1,5,2025-03-20,Dashen Bank,Google Play
Not working,1,2025-03-19,Dashen Bank,Google Play
Both Amole & Dashen superApp are by far the worst mobile banking apps i have ever came across. if only there is 0 star option,1,2025-03-18,Dashen Bank,Google Play
"funny app, so much gymnastics just to be an app for sending and receiving money.",3,2025-03-18,Dashen Bank,Google Play
I use this app so many times so i like it,5,2025-03-17,Dashen Bank,Google Play
Why did u change the option to transfer to other tellebirr account,1,2025-03-17,Dashen Bank,Google Play
It's nice and simple to use app.,5,2025-03-17,Dashen Bank,Google Play
Just 👍,5,2025-03-15,Dashen Bank,Google Play
Not god its,5,2025-03-14,Dashen Bank,Google Play
Regarding Internet banking i really choice a Dashen Bank and I have one recommendation for app developer shall considere the low android level means 4-6 android to adress all types of android users because now a days the current updated app can't support such android.Thanks!!!,5,2025-03-08,Dashen Bank,Google Play
It doesn't work,1,2025-03-02,Dashen Bank,Google Play
ምርጥ,5,2025-02-28,Dashen Bank,Google Play
Please the update is refused to be download on my phone tecno f1. Please solve this issue ASAP,1,2025-02-26,Dashen Bank,Google Play
Excellent app,5,2025-02-24,Dashen Bank,Google Play
"Very poor service, always not responding when ever we need to transfer I rate it 0 !",1,2025-02-23,Dashen Bank,Google Play
The recent update is broken. It diesn't allow to take screen shots (which by it self is not a problem) and the share button of a transaction doesn't work nor it will download the transaction receipt. I know security is especially important for banking systems but such a huge limitations on functionality will not serve the app any good. I guess the super app is the way to go.,2,2025-02-21,Dashen Bank,Google Play
It is good but have so much problem ...even it say not compateble to your phone...it not easy for work ..,1,2025-02-20,Dashen Bank,Google Play
Dashen bank ATM,5,2025-02-20,Dashen Bank,Google Play
Good Banking App,5,2025-02-17,Dashen Bank,Google Play
stay hamble,5,2025-02-14,Dashen Bank,Google Play
ይሄ አሪፍ,2,2025-02-12,Dashen Bank,Google Play
good app i like it but still i am confused because i cannot use prperly so Please check the app,3,2025-02-12,Dashen Bank,Google Play
Very slow and it seems it needs update everytime,1,2025-02-12,Dashen Bank,Google Play
Open app amole dashin,5,2025-02-10,Dashen Bank,Google Play
Akiliua,5,2025-02-10,Dashen Bank,Google Play
Perfiekt,5,2025-02-10,Dashen Bank,Google Play
Help,5,2025-02-08,Dashen Bank,Google Play
A very fast mobile banking app,5,2025-02-07,Dashen Bank,Google Play
Good job,5,2025-02-07,Dashen Bank,Google Play
It's nice and easy to use,5,2025-02-07,Dashen Bank,Google Play
Nice app,5,2025-02-07,Dashen Bank,Google Play
Good app i used it always,5,2025-02-07,Dashen Bank,Google Play
It is very very slow pls update,2,2025-02-06,Dashen Bank,Google Play
Very slow and it seems that every update something else is not working. The latest update doesn't allow me to use biometrics anymore and maximum daily transfer to Telebirr is 5k?!,1,2025-02-04,Dashen Bank,Google Play
Good app Amole Wonderful,5,2025-02-01,Dashen Bank,Google Play
This app needs many modifications. It takes long time to log in to the account. It is not as fast as CBE. please Update it🙏🙏🙏,1,2025-02-01,Dashen Bank,Google Play
"The app is cool, but unlike other banks they don't provide a receipt for mobile banking transactions, which makes it useless for payments that require receipt",2,2025-01-31,Dashen Bank,Google Play
I am glad to customer with you .I have plan to use dube ale and amole.,5,2025-01-27,Dashen Bank,Google Play
WOW that's awesome,5,2025-01-27,Dashen Bank,Google Play
I cant choose select an account,1,2025-01-26,Dashen Bank,Google Play
Good👍,5,2025-01-22,Dashen Bank,Google Play
we needs modification at all !,1,2025-01-14,Dashen Bank,Google Play
It was good at first but now the system is very bad.please try to fix it.,1,2025-01-14,Dashen Bank,Google Play
Generic error how tofix,4,2025-01-06,Dashen Bank,Google Play
Fast and suitable to learn.,5,2025-01-04,Dashen Bank,Google Play
"The app is extremely slow, often stuck on the logo. Security is poor, requiring only username/password. This allows unauthorized transactions. A large company like yours needs stronger security, such as two-factor authentication. The app's speed lags significantly compared to others. Numerous updates are needed to improve performance and security. Currently, it's a frustrating and time-wasting experience.",1,2025-01-03,Dashen Bank,Google Play
Sometimes it's soo slow,3,2025-01-01,Dashen Bank,Google Play
the best app I used always,1,2024-12-31,Dashen Bank,Google Play
Amole apk is ..... it's very good apk . please used amole Apk,5,2024-12-29,Dashen Bank,Google Play
fast and secure app,5,2024-12-23,Dashen Bank,Google Play
Ok,4,2024-12-18,Dashen Bank,Google Play
I am new for this App let me to use and i will rate 5 star while i get Satisfie,3,2024-12-17,Dashen Bank,Google Play
Yeb,5,2024-12-12,Dashen Bank,Google Play
Good Ait service!,5,2024-12-09,Dashen Bank,Google Play
Sisay mustefa abani,5,2024-12-09,Dashen Bank,Google Play
"It can't load, even in a fast network connection. This app is so bad that it needs fixing",1,2024-12-05,Dashen Bank,Google Play
The best mobile banking in Ethiopia 👍👍,5,2024-12-03,Dashen Bank,Google Play
Thnk you,5,2024-12-02,Dashen Bank,Google Play
I like this app b/c it has many options and easily useable,5,2024-11-29,Dashen Bank,Google Play
Its nice but it does not have speed it requires a lot of patience it will not be for a problem,3,2024-11-28,Dashen Bank,Google Play
It is better if he blinks (ከንግድ ባንክ666).,5,2024-11-28,Dashen Bank,Google Play
Naysssss,5,2024-11-27,Dashen Bank,Google Play
It's good,3,2024-11-21,Dashen Bank,Google Play
Big love,5,2024-11-20,Dashen Bank,Google Play
Excellent,5,2024-11-16,Dashen Bank,Google Play
Please decrease app size,4,2024-11-09,Dashen Bank,Google Play
It's great,5,2024-11-08,Dashen Bank,Google Play
Alem Zeleqe,3,2024-11-08,Dashen Bank,Google Play
Great Financial App,5,2024-10-28,Dashen Bank,Google Play
Deshan bank,5,2024-10-27,Dashen Bank,Google Play
"Still in love with it but while the app start to open, it takes time pls upgrade & fix the bug.",5,2024-10-22,Dashen Bank,Google Play
It's such an amazing app. Truly Dashen bank is always one step ahead of other banks in 🇪🇹 👍,5,2024-10-16,Dashen Bank,Google Play
Best App for all users.,5,2024-10-02,Dashen Bank,Google Play
I ilke very much,5,2024-09-25,Dashen Bank,Google Play
"The app suffers from severe performance issues, particularly with response times. The backend seems to have high latency, as the OTP generation and delivery process consistently delays, even after the server acknowledges that it has been sent. API requests frequently fail, returning non-descriptive error messages that lack proper exception handling, making it difficult for users to understand the issue. I know you will gonne say""ehe yedekem hzb teche alteche"", but that it.",1,2024-09-12,Dashen Bank,Google Play
"The security, cool, every time OTP!! The UI, let's not talk about the UI, But how the heck it says ""offline mode is not available"" something like that, when I enter more than the max amount to transfer. Fellas i am a web dev, this is bad UX. It needs update on the UX. Will see the UI later.",3,2024-09-10,Dashen Bank,Google Play
Select from Sending account option not working when trying to send to other banks,2,2024-09-08,Dashen Bank,Google Play
It's not working,1,2024-09-08,Dashen Bank,Google Play
nice App,5,2024-09-07,Dashen Bank,Google Play
የአንደኛ ቀዳሚ ምርጫችን ዳሽን ባንክ ሁልጊዜ አንድ እርምጃ ቀዳሚ። የአሞሌ አስጠቃሚ።,5,2024-09-03,Dashen Bank,Google Play
በጠም ውደድኩት ስህተት ከለው በጠም መዝገቱ ደስ ብሎኛል,5,2024-08-24,Dashen Bank,Google Play
"Although the application is good, but, it is difficult to get out. The app does not work to get out with the back cursor . Fix it quickly.",1,2024-08-22,Dashen Bank,Google Play
Go,3,2024-08-21,Dashen Bank,Google Play
"I like thise app it is smart app,but when i make one mistake it will automatically block",5,2024-08-15,Dashen Bank,Google Play
Suaud,5,2024-08-05,Dashen Bank,Google Play
wenderfull,5,2024-08-03,Dashen Bank,Google Play
Nice app in Ethiopia,5,2024-08-01,Dashen Bank,Google Play
simply the best,5,2024-07-26,Dashen Bank,Google Play
Very nice mob app,3,2024-07-26,Dashen Bank,Google Play
"I hate this app stack and blackscreen not open as required ,normaly i resigned my job do to this app b/c our salary are depoite by dashen bank",1,2024-06-28,Dashen Bank,Google Play
Wow Very Nice App,5,2024-06-22,Dashen Bank,Google Play
Telebirr agent deposit is not working until now. Please fix it. Fix it fast.,5,2024-06-19,Dashen Bank,Google Play
The developers have incorporated biometric login which has made the app very convenient and user friendly. I will now increase my rating as promised,5,2024-06-15,Dashen Bank,Google Play
Memekaye miliyoon girmaa,3,2024-06-14,Dashen Bank,Google Play
This app is 🤩,5,2024-06-12,Dashen Bank,Google Play
Be adjusted this app is not available anytime,5,2024-06-11,Dashen Bank,Google Play
Super app,5,2024-06-10,Dashen Bank,Google Play
"Very poor app! It locked my out without any reason, does not have any conformation or screenshots . And delay when opening of the app. It is just time wasting.",1,2024-06-09,Dashen Bank,Google Play
Best app....,5,2024-06-06,Dashen Bank,Google Play
wow amole,4,2024-06-03,Dashen Bank,Google Play
We,1,2024-06-01,Dashen Bank,Google Play
Tye app is mostly good but you should make it be able to save usernames instead of typing every time i want to login,4,2024-05-31,Dashen Bank,Google Play
"It's good enough. But, there is slowing in beginning of the App....",5,2024-05-24,Dashen Bank,Google Play
"Good for safety,take long way though",5,2024-05-22,Dashen Bank,Google Play
Bad app that not helping me the is not login,1,2024-05-18,Dashen Bank,Google Play
Best after removal of screelock password,5,2024-05-13,Dashen Bank,Google Play
"I really don't get how this is the lite version and it is bigger than the og app, ah well it is what it is ig ¯⁠\⁠_😂_⁠/⁠¯",5,2024-05-10,Dashen Bank,Google Play
"Dashen Bank is the gold standard of banking in Ethiopia! The mobile app makes banking convenient and efficient. Plus, the branch services is top-notch, with staff always ready to assist with a smile.",5,2024-05-10,Dashen Bank,Google Play
ማይ,1,2024-05-09,Dashen Bank,Google Play
Doesn't work most of the time,1,2024-05-09,Dashen Bank,Google Play
that is awesome,5,2024-05-01,Dashen Bank,Google Play
"It's so boring.... I don't wanna say this but this app so tough to take action. It's take long time and also it's conditional mostly it's not available, in 1 day it's work for 1 or 2 hour .... this bank so huge but de app it's not enough to define your exellence",1,2024-04-30,Dashen Bank,Google Play
Jafare has fyguhfiwudgg,5,2024-04-25,Dashen Bank,Google Play
it's fine,5,2024-04-20,Dashen Bank,Google Play
This app is very good Nice app people please use this app 😃☺️☺️,5,2024-04-20,Dashen Bank,Google Play
Wow amazing platform 🙏,5,2024-04-17,Dashen Bank,Google Play
"I tried to log in twice and locked me out. I tried to email them, but no one responded 🙃 please respond to our email back",1,2024-04-12,Dashen Bank,Google Play
Why dont update,5,2024-04-06,Dashen Bank,Google Play
This app is so good and its an interesting,3,2024-03-29,Dashen Bank,Google Play
The best easy banking app ever @ Ethiopia,5,2024-03-26,Dashen Bank,Google Play
Amole lite wow its more easy for use and more secured. I really its one step a head,5,2024-03-25,Dashen Bank,Google Play
Excellent and Easy to use.,5,2024-03-25,Dashen Bank,Google Play
it's good app I'm using it right now but after it have installed doesn't work fastly and again goes to update..plc fix the problem..,3,2024-03-23,Dashen Bank,Google Play
It's good app,5,2024-03-22,Dashen Bank,Google Play
Very secured app but after the last update it takes long time to start .pls minimize the start time ppl might have no patience to wait more than 30 seconds just for the app to open ..,5,2024-03-22,Dashen Bank,Google Play
I don't know why I have been stuck with other mobile banking systems when all I needed was amole... I loved it,5,2024-03-22,Dashen Bank,Google Play
Special for me,5,2024-03-21,Dashen Bank,Google Play
Baset app,5,2024-03-20,Dashen Bank,Google Play
it is good App,4,2024-03-19,Dashen Bank,Google Play
Nuuroo usmaan gaamilcom,5,2024-03-18,Dashen Bank,Google Play
Very good app,5,2024-03-17,Dashen Bank,Google Play
Student,5,2024-03-17,Dashen Bank,Google Play
Please apply!cardless cash out system🙏,2,2024-03-17,Dashen Bank,Google Play
it has a lot of options but it is a slowe while opning by biometric,2,2024-03-17,Dashen Bank,Google Play
The last update is not working correctly so i stop using this app betam huwala ker new dashen bank needs to work on its digital app teams,5,2024-03-17,Dashen Bank,Google Play
How to use application,5,2024-03-17,Dashen Bank,Google Play
cooooolllllll,5,2024-03-17,Dashen Bank,Google Play
I prefered you b/cs your service charge is very fair.,5,2024-03-16,Dashen Bank,Google Play
Excellent App And Easy To Use Every where.,5,2024-03-16,Dashen Bank,Google Play
